"Qty";"Value";"Device";"Package";"Parts";"Description";"MF";"MPN";"OC_FARNELL";"OC_NEWARK";"POPULARITY";"SPICEPREFIX";"TP_SIGNAL_NAME";
"2";"";"DIODEDO-1N4148";"DO-1N4148";"D1, D2";"Diode";"";"";"";"";"";"";"";
"1";"";"J2X2MM";"04C";"J1";"Jumper switch 2 x 2.5 mm";"";"";"";"";"4";"";"";
"2";"";"LEDCHIPLED_1206";"CHIPLED_1206";"LED1, LED2";"LED";"";"";"";"";"";"";"";
"1";"+";"TPTP20SQ";"TP20SQ";"TP1";"Test pad";"";"";"";"";"2";"";"";
"1";"0R";"R-EU_R0805";"R0805";"R7";"RESISTOR, European symbol";"";"";"";"";"86";"R";"";
"4";"100R";"R-EU_R0805";"R0805";"R16, R18, R19, R24";"RESISTOR, European symbol";"";"";"";"";"86";"R";"";
"2";"100nF";"C-EUC0805";"C0805";"C5, C6";"CAPACITOR, European symbol";"";"";"";"";"88";"C";"";
"1";"10k";"R-EU_R0805";"R0805";"R3";"RESISTOR, European symbol";"";"";"";"";"86";"R";"";
"2";"10nF";"C-EUC0805";"C0805";"C8, C9";"CAPACITOR, European symbol";"";"";"";"";"88";"C";"";
"5";"10uF";"CPOL-EUE2,5-6E";"E2,5-6E";"C2, C3, C10, C12, C15";"POLARIZED CAPACITOR, European symbol";"";"";"";"";"27";"C";"";
"8";"1k";"R-EU_R0805";"R0805";"R1, R2, R6, R8, R9, R13, R14, R21";"RESISTOR, European symbol";"";"";"";"";"86";"R";"";
"1";"1uF";"C-EUC0805";"C0805";"C11";"CAPACITOR, European symbol";"";"";"";"";"88";"C";"";
"3";"330k";"R-EU_R0805";"R0805";"R4, R5, R25";"RESISTOR, European symbol";"";"";"";"";"86";"R";"";
"1";"390R";"R-EU_R0805";"R0805";"R12";"RESISTOR, European symbol";"";"";"";"";"86";"R";"";
"1";"3V";"ZENERSOD-123";"SOD-123";"ZD1";"Zener Diode SOD-323";"";"";"";"";"";"";"";
"3";"470pF";"C-EUC0805";"C0805";"C4, C7, C14";"CAPACITOR, European symbol";"";"";"";"";"88";"C";"";
"2";"47k";"R-EU_R0805";"R0805";"R10, R22";"RESISTOR, European symbol";"";"";"";"";"86";"R";"";
"1";"AUDIO";"JST-XH-04-PIN-LONG-PAD";"JST-XH-04-PACKAGE-LONG-PAD";"X2";"JST XH Connector 2 Pin";"";"";"";"";"";"";"";
"1";"LM358D";"LM358D";"SO08";"IC1";"OP AMP also LM158; LM258; LM2904";"";"";"";"";"12";"";"";
"1";"NE5532D";"NE5532D";"SO08";"IC2";"AUDIO AMPLIFIER";"";"";"";"";"0";"";"";
"2";"NF";"C-EUC0805";"C0805";"C1, C13";"CAPACITOR, European symbol";"";"";"";"";"88";"C";"";
"4";"NF";"R-EU_0309/V";"0309V";"R11, R15, R17, R23";"RESISTOR, European symbol";"";"";"";"";"2";"R";"";
"1";"NF";"R-EU_R0805";"R0805";"R20";"RESISTOR, European symbol";"";"";"";"";"86";"R";"";
"1";"POWER";"JST-XH-03-PIN-LONG-PAD";"JST-XH-03-PACKAGE-LONG-PAD";"X1";"JST XH Connector 2 Pin";"";"";"";"";"";"";"";
"3";"TPTP20SQ";"TPTP20SQ";"TP20SQ";"TP2, TP3, TP4";"Test pad";"";"";"";"";"2";"";"";
"1";"VTL5C4";"VTL5C9";"VTL5C";"LDR1";"Low Cost Axial Vactrols";"VACTEC PHOTO";"VTL5C9";"2067857";"95F9033";"0";"";"";
